Spacer ID,Spacer sequence (5'-3')
4006,TTTACGTTTGCGTTAACAGTAAGCTCTGCAAC
4005,GGCTAAATGTCTGAATTCAACGTTCTACAAAA
4004,ATCGCACCCCACTGATTGAAGAGCAGCACACT
4003,TAGCAATAAATTCGATAGACGCTGATTTGCGT
4002,TGGCTTCAATTGCGGTCGGGTGTGATGCATCA
4001,GCCAACGTTCACTGTCATTTAGCCACGCTTCCG
4805,ACGGCGCTGCCGCTGCTCAAACTCGCCGTGCT
4804,ACCATCACTGACAGCGAAGCCCGGAATAAACC 
4803,AGTCCCGGCACCACCTCAGCGCCCAGCCCTGT
4802,AGCTAGAGGGGGTAAATAGCGTGGACTACAGC
4801,AAGTCGCGAACAGATTTCGGGGGGTTTTTGCA 
4924,TTCAACAAGAAGCGCGATGAAGAAATTGCTGC 
4923,GTATTGACTGAATCGGCAAATTCCCATCAGGT 
4922,TTTGAAACTGGCGAGAGAGTCGGCGTGAAACA 
4921,AACTCGTCTAGCCAACGCCGCCCGCCGCGCTC 
4920,AACTATGAGGCACTCATTAATGTCTTTGTGCGG
4919,TGGCATCGCTGAAGCTGGGCCTGAATCATGAC 
4918,GGAGAAATGGAAAGCATTCATGACCATGAAAC 
4917,CTTCTGGGCCTGTCCAGTCAGTTTACGACCTA 
4916,TGTTCGGTGCTGCGAATTCCAGTGTGGCTTAT 
4915,TCAGAACCCCGAATTGCTTCGTCGATATAGTC 
4914,TGTTAAATGAACACCCAAGATTTTGCCTACGT 
4913,ACACCAACTTGGCCCGTTTCCCACACCAACTT 
4912,TGGCATGGTGTACCGCCTACCAGTACATCGGG 
4911,ATGAATATAAATTCCGTTTCCGGGTCTTTCTC 
4910,ACCCAGGTGCTTACCCCAGAGAACTAACAAGT 
4909,CACAGGCAGTCTGATTTGCACTGACATTCTGA 
4908,CGGCAAACTTTAATAGCTGCATGCGGATTCCT 
4907,GCGTTCCGAACATTGAAAATCTCCGCATCATC 
4906,TTCCAGCTCACGCTCCGTCCAGTCACGCATGG 
4905,TTCGGGAACGGCTCGGAATAACTGTTGTGGCT 
4904,AACGTCTGATTGGTATCGCATTCCACGCTGC
4903,TGTGATACCCGGAAGCGCTTTTAATTCTGCGG 
4902,GGTAACGATGGGTATGAGATTAACTGCGGAGA 
4901,ATGAAAATCGGCGAAAAAATTAAACAGATCCG 
